parameters,mean,std,mcse,ess_bulk,ess_tail,rhat,ess_per_sec,lower,upper
beta0,-2.1438575176315804,0.05980261458805111,0.0009064169539606406,4371.629202002795,5457.38288142265,1.0014446738449039,28.585631441648815,-2.2613091870526243,-2.026860164199002
beta1,2.4362801082494414,0.08868590290837598,0.0013567120589025798,4266.429984403013,5085.336818273743,1.0011596571340908,27.897744632566404,2.26043793491967,2.6065215184595827
beta2,1.4187733243129017,0.09062614853759793,0.001391442809703827,4247.138854005121,5476.028850499439,1.0008992218151216,27.771601925084653,1.243232971213189,1.5994572527125306
beta3,1.2033732386306988,0.13369443611706397,0.002044691548520958,4278.975498258379,5630.721801896518,1.0007612047022882,27.97977845079401,0.9399251292517228,1.4637409921206008
pdd,0.10503916507545295,0.005614084280937582,8.488079810969446e-5,4371.629202002795,5457.38288142265,1.0014446738449039,,0.09415331329310317,0.11615639417174928
pdc,0.32645152342985845,0.014967109232343595,0.00016541021326439053,8215.814404136816,7602.646239978925,1.0002285482899727,,0.2950567467840032,0.3542898875283158
pcd,0.5725153526218433,0.015770619077575536,0.00016470589188962548,9169.734460772057,9275.587458354972,1.000273954868536,,0.5421468884772973,0.6032060257149768
pcc,0.9484526111714584,0.003452017907091666,3.1099818643518515e-5,12292.96940332358,10785.408924118128,1.0002410490455318,,0.9416925659164556,0.9553124131480747
