statistic,total,se_total,mean,se_mean
cv_elpd,-3155.528646022982,233.99817619216697,-34.29922441329328,2.54345843687138
naive_lpd,-3122.1118726800537,231.2303010038142,-33.93599861608754,2.51337283699798
p_eff,33.41677334292816,6.83285770324479,0.3632257972057409,0.0742701924265738
