statistic,total,se_total,mean,se_mean
cv_elpd,-2744.537982119923,204.83636834085365,-30.494866467999145,2.2759596482317073
naive_lpd,-2638.4971018973697,197.28245123017308,-29.31663446552633,2.192027235890812
p_eff,106.0408802225536,14.839753680298104,1.1782320024728177,0.16488615200331228
