statistic,total,se_total,mean,se_mean
cv_elpd,-3848.1044607674557,211.89131293824335,-40.08442146632766,2.207201176440035
naive_lpd,-3816.014661311373,210.0915141295456,-39.750152721993466,2.1884532721827665
p_eff,32.0897994560833,3.1714464527708137,0.334268744334201,0.033035900549695976
