statistic,total,se_total,mean,se_mean
cv_elpd,-4393.677493037702,216.2110877038052,-45.7674738858094,2.2521988302479707
naive_lpd,-4362.350970459385,214.42256597517206,-45.44115594228526,2.233568395574709
p_eff,31.32652257831723,3.533959882741022,0.32631794352413784,0.03681208211188564
