parameters,mean,std,mcse,ess_bulk,ess_tail,rhat,ess_per_sec,lower,upper
beta0,-1.9137290041562873,0.04213978819453955,0.0004034820685492668,10902.08220442688,13954.137324012974,1.0006469659957002,34.92041013852389,-1.996609001867735,-1.831517707827115
beta1,2.2763753082910867,0.06255394227010301,0.0006047908748303116,10705.490066773922,13642.009258299746,1.0009406704024997,34.29070675268235,2.151911726409754,2.397305838084874
beta2,0.1939914976488448,0.07616089013748414,0.0007089932516962663,11538.086503723336,14218.015120358843,1.000361897642825,36.95759262943176,0.04153264539811263,0.3418106211813198
beta3,0.8456618258016265,0.12577200403610128,0.001165369760097453,11656.886219559805,13758.459386282791,1.000318032322155,37.33811946123872,0.6007625625175199,1.0919228689118838
pdd,0.12863638011329553,0.004723705134408964,4.5240987492622924e-5,10902.08220442688,13954.137324012974,1.0006437659296306,,0.11929074164336442,0.1377711974350285
pdc,0.15208727407085523,0.008220067174087147,6.036110303379332e-5,18583.59874171499,18191.719578963824,0.9999566468323801,,0.13625818999939943,0.16807633652639017
pcd,0.5896336070904963,0.011294791111086609,7.758219179921687e-5,21212.773497684604,18617.050453268123,0.9999799044129616,,0.5665953793664171,0.6110297755779092
pcc,0.8021707798397332,0.014069293210972693,8.77795700983114e-5,25747.7755873884,21026.956766478976,1.0002244357859331,,0.7757445087843216,0.8302451698933669
